{
  "metadata": {
    "project_name": "Wall-Room Analysis",
    "analysis_type": "SEA",
    "export_format": "1.0",
    "units": {}
  },
  "frequency": {
    "hz": [
      249.99999999999994,
      314.9802624737182,
      396.8502629920498,
      499.9999999999999,
      629.9605249474365,
      793.7005259840996,
      999.9999999999999,
      1259.921049894873,
      1587.4010519681995,
      1999.9999999999998,
      2519.842099789746,
      3174.802103936399,
      4000.000000000001,
      5039.684199579493,
      6349.6042078728,
      8000.000000000002,
      10079.368399158986
    ],
    "rad_s": [
      1570.7963267948962,
      1979.0793572264358,
      2493.483741582002,
      3141.5926535897925,
      3958.1587144528726,
      4986.967483164004,
      6283.185307179586,
      7916.317428905745,
      9973.93496632801,
      12566.370614359172,
      15832.63485781149,
      19947.86993265602,
      25132.74122871835,
      31665.269715622984,
      39895.73986531205,
      50265.4824574367,
      63330.53943124597
    ]
  },
  "systems": {
    "1": {
      "id": 1,
      "type": "RectangularPlate",
      "Lx": 4.0,
      "Ly": 2.5,
      "area": 10.0,
      "material": {
        "type": "IsoMat",
        "density": 1250.0,
        "youngs_modulus": 3800000000.0
      }
    },
    "2": {
      "id": 2,
      "type": "RectangularRoom",
      "Lx": 3.0,
      "Ly": 4.0,
      "Lz": 2.5,
      "volume": 30.0
    }
  },
  "modal_data": {
    "sys1_wave3": {
      "system_id": 1,
      "system_name": "RectangularPlate",
      "system_type": "plate",
      "wave_type": 3,
      "modal_density": [
        0.029849508516134868,
        0.029849508516134864,
        0.029849508516134868,
        0.029849508516134864,
        0.029849508516134864,
        0.029849508516134864,
        0.029849508516134868,
        0.02984950851613486,
        0.029849508516134868,
        0.02984950851613487,
        0.029849508516134864,
        0.029849508516134864,
        0.029849508516134868,
        0.02984950851613486,
        0.029849508516134864,
        0.029849508516134864,
        0.029849508516134864
      ],
      "modal_overlap": [
        0.4688749833377762,
        0.5907454612763722,
        0.744292641791958,
        0.9377499666755523,
        1.1814909225527446,
        1.488585283583916,
        1.8754999333511053,
        2.3629818451054887,
        2.977170567167833,
        3.750999866702211,
        4.725963690210978,
        5.954341134335666,
        7.501999733404423,
        9.451927380421957,
        11.908682268671333,
        15.003999466808844,
        18.903854760843913
      ],
      "frequency": [
        249.99999999999994,
        314.9802624737182,
        396.8502629920498,
        499.9999999999999,
        629.9605249474365,
        793.7005259840996,
        999.9999999999999,
        1259.921049894873,
        1587.4010519681995,
        1999.9999999999998,
        2519.842099789746,
        3174.802103936399,
        4000.000000000001,
        5039.684199579493,
        6349.6042078728,
        8000.000000000002,
        10079.368399158986
      ]
    }
  },
  "junctions": {
    "wall_room_junction": {
      "junction_name": "wall_room_junction",
      "junction_type": "AreaJunction",
      "system1_id": 2,
      "system2_id": 1,
      "area": 1.0,
      "length": null,
      "angles": null,
      "coupling_loss_factor": null
    }
  },
  "loads": {
    "source_power": {
      "name": "source_power",
      "type": "unknown"
    }
  },
  "energy": {
    "data": [
      [
        0.00027187821919107775,
        0.0001951672478511439,
        0.00015328820436410435,
        0.00014813177256230346,
        0.0003037801737374385,
        0.00033406533006930607,
        0.00012944911827662419,
        5.74031915220195e-05,
        2.683798102899986e-05,
        1.286266695688103e-05,
        6.250349606548113e-06,
        3.0630467768782457e-06,
        1.5094057645138803e-06,
        7.466225325703217e-07,
        3.7030258774567734e-07,
        1.84014940413185e-07,
        9.157359408715843e-08
      ],
      [
        0.0,
        0.0,
        0.0,
        0.0,
        0.0,
        0.0,
        0.0,
        0.0,
        0.0,
        0.0,
        0.0,
        0.0,
        0.0,
        0.0,
        0.0,
        0.0,
        0.0
      ],
      [
        0.04354610379678998,
        0.04356395285959955,
        0.043565715218265605,
        0.04352935219124467,
        0.043207023235184945,
        0.043004293912114494,
        0.04337716918434272,
        0.043534139979853774,
        0.0436158074477765,
        0.04366218320073093,
        0.04368959388759108,
        0.04370615038502875,
        0.04371628143460221,
        0.04372253239289227,
        0.04372641084618826,
        0.04372882660451928,
        0.043730335473718795
      ]
    ],
    "dof_id": [
      1,
      1,
      2
    ],
    "dof_type": []
  },
  "result": {
    "data": [
      [
        2.0856777092967274e-05,
        1.7671094945187472e-05,
        1.566081501654901e-05,
        1.5395156254474506e-05,
        2.2046502624677266e-05,
        2.311935397261112e-05,
        1.4391615240917147e-05,
        9.583585259976102e-06,
        6.552920695872931e-06,
        4.5365479310825815e-06,
        3.1623661031697424e-06,
        2.213791960190748e-06,
        1.5540428640234504e-06,
        1.0929757783741204e-06,
        7.697299139263614e-07,
        5.426084266403315e-07,
        3.8277637144872656e-07
      ],
      [
        0.0,
        0.0,
        0.0,
        0.0,
        0.0,
        0.0,
        0.0,
        0.0,
        0.0,
        0.0,
        0.0,
        0.0,
        0.0,
        0.0,
        0.0,
        0.0,
        0.0
      ],
      [
        0.45829998485058926,
        0.45839390125674295,
        0.45840317321487734,
        0.4582118254244273,
        0.456512174910925,
        0.45543992770407427,
        0.4574101467383908,
        0.45823702406542083,
        0.4586666354355353,
        0.45891041585104764,
        0.45905444296046455,
        0.459141415773874,
        0.45919462699101776,
        0.45922745576515145,
        0.4592478234410989,
        0.4592605093260275,
        0.45926843268132056
      ]
    ],
    "dof_id": [
      1,
      1,
      2
    ],
    "dof_type": []
  },